VIDEO_ID,TITLE,SOURCE,PART_INDEX,PART_LABEL,OLD_FILE_ID,OLD_URL,PRIMARY_STATUS,DRIVE_API_HTTP_STATUS,DRIVE_FILE_EXISTS,DRIVE_NAME,MIME_TYPE,SIZE_BYTES,MD5,DURATION_MS,WIDTH,HEIGHT,DUPLICATE_VIDEO_FILE,NEW_FILE_ID,NEW_URL,MATCH_CONFIDENCE,DECISION
10,شرح تفليش هواتف Redmi و MediaTek باستخدام Unlock Tool + تصحيح IMEI وفتح البوتلودر,driveEmbedUrl,,,1Tx8yWK0Fshsj-UUWNsQL2EjET1mqTQjK,https://drive.google.com/file/d/1Tx8yWK0Fshsj-UUWNsQL2EjET1mqTQjK/view?usp=drive_link,VALID_CURRENT_LINK,200,true,part 1.mp4,video/mp4,,,,,,true,1LZtPYHoRObQZtj-aByFbfZnoNByMjE38,https://drive.google.com/file/d/1LZtPYHoRObQZtj-aByFbfZnoNByMjE38/view,100% — byte-identical (same MD5 and size),SAFE_CONTENT_MATCH_BUT_OLD_LINK_IS_STILL_VALID
11,تحويل هاتف OnePlus من ACE 5 إلى 13L + فتح البوتلودر والتفليش بسكريبت احترافي,driveEmbedUrl,,,1zbCpNokNY_WVZzuIYTYb7V-NsL9WIwfJ,https://drive.google.com/file/d/1zbCpNokNY_WVZzuIYTYb7V-NsL9WIwfJ/view?usp=drive_link,VALID_CURRENT_LINK,200,true,2025-09-11 20-02-36.mp4,video/mp4,,,,,,false,,,,KEEP_CURRENT
12,طريقة تحويل هاتف OnePlus من 13L إلى ACE 5 + الرجوع للنظام الأصلي,driveEmbedUrl,,,1s1u9sB7bVj-UPzrbvDIC64q3K_0VD5RZ,https://drive.google.com/file/d/1s1u9sB7bVj-UPzrbvDIC64q3K_0VD5RZ/view?usp=drive_link,VALID_CURRENT_LINK,200,true,CONVERT 13R TO ACE 5.mp4,video/mp4,,,,,,false,,,,KEEP_CURRENT
13,طريقة تفعيل UnlockTool عبر السيرفر تلقائياً + تفعيل حقيقي عن بعد (AnyDesk),driveEmbedUrl,,,17K_T9daUeM8PsObikv2x2BVTNGwH7rGI,https://drive.google.com/file/d/17K_T9daUeM8PsObikv2x2BVTNGwH7rGI/view?usp=drive_link,VALID_CURRENT_LINK,200,true,unlock tool activation .mp4,video/mp4,,,,,,false,,,,KEEP_CURRENT
14,طريقة فك شبكة هواتف Oppo بالكود عبر السيرفر بدون فتح الجهاز,driveEmbedUrl,,,1tSXwIe1AEfZ4Mu1DD42sMyNtpqPdQOHS,https://drive.google.com/file/d/1tSXwIe1AEfZ4Mu1DD42sMyNtpqPdQOHS/view?usp=drive_link,VALID_CURRENT_LINK,200,true,2025-02-05 15-10-30.mp4,video/mp4,,,,,,false,,,,KEEP_CURRENT
15,فك حماية Google Account لهواتف Honor عبر السيرفر + Fastboot وقراءة IMEI,driveEmbedUrl,,,1Qn5Nrfaq1-ZKRuNb-dGkzcTD3wJJIRpI,https://drive.google.com/file/d/1Qn5Nrfaq1-ZKRuNb-dGkzcTD3wJJIRpI/view?usp=drive_link,STALE_OR_BROKEN_LINK,200,true,part 1.mp4,video/mp4,,,,,,false,,,,MANUAL_REVIEW
15,فك حماية Google Account لهواتف Honor عبر السيرفر + Fastboot وقراءة IMEI,driveParts,0,الجزء 1,1Qn5Nrfaq1-ZKRuNb-dGkzcTD3wJJIRpI,https://drive.google.com/file/d/1Qn5Nrfaq1-ZKRuNb-dGkzcTD3wJJIRpI/view?usp=drive_link,STALE_OR_BROKEN_LINK,200,true,part 1.mp4,video/mp4,,,,,,false,,,,MANUAL_REVIEW
15,فك حماية Google Account لهواتف Honor عبر السيرفر + Fastboot وقراءة IMEI,driveParts,1,الجزء 2,1i3iDFxmz396RnVXnvbCTViIMRvH3rabR,https://drive.google.com/file/d/1i3iDFxmz396RnVXnvbCTViIMRvH3rabR/view?usp=drive_link,VALID_CURRENT_LINK,200,true,part 2.mp4,video/mp4,,,,,,false,,,,KEEP_CURRENT
16,شرح شامل لتفليش جميع أجهزة MediaTek (MTK) لكل المعالجات خطوة بخطوة,driveEmbedUrl,,,1rYrjmmr9r88X6vZg8URK3LDWeFilYuKz,https://drive.google.com/file/d/1rYrjmmr9r88X6vZg8URK3LDWeFilYuKz/view?usp=drive_link,VALID_CURRENT_LINK,200,true,part 1.mkv,video/matroska,,,,,,false,,,,KEEP_CURRENT
16,شرح شامل لتفليش جميع أجهزة MediaTek (MTK) لكل المعالجات خطوة بخطوة,driveParts,0,الجزء 1,1rYrjmmr9r88X6vZg8URK3LDWeFilYuKz,https://drive.google.com/file/d/1rYrjmmr9r88X6vZg8URK3LDWeFilYuKz/view?usp=drive_link,VALID_CURRENT_LINK,200,true,part 1.mkv,video/matroska,,,,,,false,,,,KEEP_CURRENT
16,شرح شامل لتفليش جميع أجهزة MediaTek (MTK) لكل المعالجات خطوة بخطوة,driveParts,1,الجزء 2,1BnZAHp9UYklyxO6smhx2cqCXRVr443yx,https://drive.google.com/file/d/1BnZAHp9UYklyxO6smhx2cqCXRVr443yx/view?usp=drive_link,VALID_CURRENT_LINK,200,true,part 2.mkv,video/matroska,,,,,,false,,,,KEEP_CURRENT
16,شرح شامل لتفليش جميع أجهزة MediaTek (MTK) لكل المعالجات خطوة بخطوة,driveParts,2,الجزء 3,1fVL09Tj4zn21JQvMKSWe1Z1MmkYzfa45,https://drive.google.com/file/d/1fVL09Tj4zn21JQvMKSWe1Z1MmkYzfa45/view?usp=drive_link,VALID_CURRENT_LINK,200,true,part 3.mkv,video/matroska,,,,,,false,,,,KEEP_CURRENT
16,شرح شامل لتفليش جميع أجهزة MediaTek (MTK) لكل المعالجات خطوة بخطوة,driveParts,3,الجزء 4,1klJIWvJZk1dGiUjPjmmHuvnOS-BxCztl,https://drive.google.com/file/d/1klJIWvJZk1dGiUjPjmmHuvnOS-BxCztl/view?usp=drive_link,VALID_CURRENT_LINK,200,true,part 4.mkv,video/matroska,,,,,,false,,,,KEEP_CURRENT
16,شرح شامل لتفليش جميع أجهزة MediaTek (MTK) لكل المعالجات خطوة بخطوة,driveParts,4,الجزء 5,1E8CVYpf7abikMY2OUNHDPcWuk808PWPp,https://drive.google.com/file/d/1E8CVYpf7abikMY2OUNHDPcWuk808PWPp/view?usp=drive_link,VALID_CURRENT_LINK,200,true,part 5.mkv,video/matroska,,,,,,false,,,,KEEP_CURRENT
17,فك شبكة Realme C67 مجاناً بالكود عبر السيرفر | طريقة سهلة وسريعة,driveEmbedUrl,,,1oINtauQ8H-1FKbHvbklao1uuZ3swaUKv,https://drive.google.com/file/d/1oINtauQ8H-1FKbHvbklao1uuZ3swaUKv/view?usp=drive_link,VALID_CURRENT_LINK,200,true,2025-02-25 17-42-54.mp4,video/mp4,,,,,,false,,,,KEEP_CURRENT
18,فك شبكة Realme C61 باستخدام الملفات | شرح كامل خطوة بخطوة,driveEmbedUrl,,,1IWsE09t_RM0QP7qjZOPpBNgiwGGjNKVT,https://drive.google.com/file/d/1IWsE09t_RM0QP7qjZOPpBNgiwGGjNKVT/view?usp=drive_link,VALID_CURRENT_LINK,200,true,2025-02-22 22-38-59.mp4,video/mp4,,,,,,false,,,,KEEP_CURRENT
19,حصة مباشرة Zoom مع الطلاب | شرح تطبيقي وتفاعل مباشر,driveEmbedUrl,,,1VrBBOKoPCv3PfRV-lsUiPuy-Ht1yv1ve,https://drive.google.com/file/d/1VrBBOKoPCv3PfRV-lsUiPuy-Ht1yv1ve/view?usp=drive_link,VALID_CURRENT_LINK,200,true,Part 1.mov,video/quicktime,,,,,,false,,,,KEEP_CURRENT
19,حصة مباشرة Zoom مع الطلاب | شرح تطبيقي وتفاعل مباشر,driveParts,0,الجزء 1,1VrBBOKoPCv3PfRV-lsUiPuy-Ht1yv1ve,https://drive.google.com/file/d/1VrBBOKoPCv3PfRV-lsUiPuy-Ht1yv1ve/view?usp=drive_link,VALID_CURRENT_LINK,200,true,Part 1.mov,video/quicktime,,,,,,false,,,,KEEP_CURRENT
19,حصة مباشرة Zoom مع الطلاب | شرح تطبيقي وتفاعل مباشر,driveParts,1,الجزء 2,12ty4_CC27hGzfCGxiRinVRg_VkowRAIu,https://drive.google.com/file/d/12ty4_CC27hGzfCGxiRinVRg_VkowRAIu/view?usp=drive_link,VALID_CURRENT_LINK,200,true,part 2.mov,video/quicktime,,,,,,false,,,,KEEP_CURRENT
19,حصة مباشرة Zoom مع الطلاب | شرح تطبيقي وتفاعل مباشر,driveParts,2,الجزء 3,1PoUY9JxbuHBUuHsnJET4ej7Ron6ovZgi,https://drive.google.com/file/d/1PoUY9JxbuHBUuHsnJET4ej7Ron6ovZgi/view?usp=drive_link,VALID_CURRENT_LINK,200,true,part 3.mp4,video/mp4,,,,,,false,,,,KEEP_CURRENT
19,حصة مباشرة Zoom مع الطلاب | شرح تطبيقي وتفاعل مباشر,driveParts,3,الجزء 4,1tDxj137nvPqYEK2JH4FOoy-ZfdDJvRwM,https://drive.google.com/file/d/1tDxj137nvPqYEK2JH4FOoy-ZfdDJvRwM/view?usp=drive_link,VALID_CURRENT_LINK,200,true,part 4.mp4,video/mp4,,,,,,false,,,,KEEP_CURRENT
19,حصة مباشرة Zoom مع الطلاب | شرح تطبيقي وتفاعل مباشر,driveParts,4,الجزء 5,1piaMxoRfeK6wiA2VaLLya9kBWNFp1X3z,https://drive.google.com/file/d/1piaMxoRfeK6wiA2VaLLya9kBWNFp1X3z/view?usp=drive_link,VALID_CURRENT_LINK,200,true,part 5.mp4,video/mp4,,,,,,false,,,,KEEP_CURRENT
19,حصة مباشرة Zoom مع الطلاب | شرح تطبيقي وتفاعل مباشر,driveParts,5,الجزء 6,1GWXzMTw4F4HuAdhvyBVMFH_M2nw1scj2,https://drive.google.com/file/d/1GWXzMTw4F4HuAdhvyBVMFH_M2nw1scj2/view?usp=drive_link,VALID_CURRENT_LINK,200,true,part 6.mp4,video/mp4,,,,,,false,,,,KEEP_CURRENT
19,حصة مباشرة Zoom مع الطلاب | شرح تطبيقي وتفاعل مباشر,driveParts,6,الجزء 7,1sqsIgsAFTiSTyvTxwx3sfHsy-o9DKiqI,https://drive.google.com/file/d/1sqsIgsAFTiSTyvTxwx3sfHsy-o9DKiqI/view?usp=drive_link,VALID_CURRENT_LINK,200,true,part 7.mp4,video/mp4,,,,,,false,,,,KEEP_CURRENT
19,حصة مباشرة Zoom مع الطلاب | شرح تطبيقي وتفاعل مباشر,driveParts,7,الجزء 8,1W8T-1JfiAUBDgHFjo_9JTzn5WeM7LiGc,https://drive.google.com/file/d/1W8T-1JfiAUBDgHFjo_9JTzn5WeM7LiGc/view?usp=drive_link,VALID_CURRENT_LINK,200,true,part 8.mp4,video/mp4,,,,,,false,,,,KEEP_CURRENT
20,طريقة شحن البرامج وفك FRP لجميع أجهزة Xiaomi | شرح شامل لكل الموديلات,driveEmbedUrl,,,1UHzehFYXWHmpyicyDDb_RAWleTtg-R2Z,https://drive.google.com/file/d/1UHzehFYXWHmpyicyDDb_RAWleTtg-R2Z/view?usp=drive_link,VALID_CURRENT_LINK,200,true,PART 1.mp4,video/mp4,,,,,,false,,,,KEEP_CURRENT
20,طريقة شحن البرامج وفك FRP لجميع أجهزة Xiaomi | شرح شامل لكل الموديلات,driveParts,0,الجزء 1,1UHzehFYXWHmpyicyDDb_RAWleTtg-R2Z,https://drive.google.com/file/d/1UHzehFYXWHmpyicyDDb_RAWleTtg-R2Z/view?usp=drive_link,VALID_CURRENT_LINK,200,true,PART 1.mp4,video/mp4,,,,,,false,,,,KEEP_CURRENT
20,طريقة شحن البرامج وفك FRP لجميع أجهزة Xiaomi | شرح شامل لكل الموديلات,driveParts,1,الجزء 2,1gY60bz6WoHpfI5-09BQpqBJTW9k6xGTl,https://drive.google.com/file/d/1gY60bz6WoHpfI5-09BQpqBJTW9k6xGTl/view?usp=drive_link,VALID_CURRENT_LINK,200,true,PART 2.mp4,video/mp4,,,,,,false,,,,KEEP_CURRENT
20,طريقة شحن البرامج وفك FRP لجميع أجهزة Xiaomi | شرح شامل لكل الموديلات,driveParts,2,الجزء 3,14q5hJVEgFx7grN-EVsCV_ClC-70If0Id,https://drive.google.com/file/d/14q5hJVEgFx7grN-EVsCV_ClC-70If0Id/view?usp=drive_link,VALID_CURRENT_LINK,200,true,PART 3.mp4,video/mp4,,,,,,false,,,,KEEP_CURRENT
20,طريقة شحن البرامج وفك FRP لجميع أجهزة Xiaomi | شرح شامل لكل الموديلات,driveParts,3,الجزء 4,1C1i0c0kuvAwm3Rx5ep5p3OgShD-9qeTu,https://drive.google.com/file/d/1C1i0c0kuvAwm3Rx5ep5p3OgShD-9qeTu/view?usp=drive_link,VALID_CURRENT_LINK,200,true,PART 4.mp4,video/mp4,,,,,,true,,,,KEEP_CURRENT
21,تفعيل برنامج Oxygen لإزالة كلمة المرور بدون فقدان البيانات | شرح احترافي,driveEmbedUrl,,,1KKtXqm1EMAj4gYhXf95owKtDXNhx8Rkh,https://drive.google.com/file/d/1KKtXqm1EMAj4gYhXf95owKtDXNhx8Rkh/view?usp=drive_link,VALID_CURRENT_LINK,200,true,Activation Oxygen.mp4,video/mp4,,,,,,true,1UT37sTC72TR1VspwMpRMfb1H_NYhdlZI,https://drive.google.com/file/d/1UT37sTC72TR1VspwMpRMfb1H_NYhdlZI/view,100% — byte-identical (same MD5 and size),SAFE_CONTENT_MATCH_BUT_OLD_LINK_IS_STILL_VALID
22,طريقة شحن حسابك عبر البريد المباشر على السيرفر | شرح خطوة بخطوة,driveEmbedUrl,,,1TAlcHMom0fPKOw7B-3GJ6OPZQ443_wNz,https://drive.google.com/file/d/1TAlcHMom0fPKOw7B-3GJ6OPZQ443_wNz/view?usp=drive_link,VALID_CURRENT_LINK,200,true,baridi mob to binance PART 1 .mp4,video/mp4,,,,,,false,,,,KEEP_CURRENT
22,طريقة شحن حسابك عبر البريد المباشر على السيرفر | شرح خطوة بخطوة,driveParts,0,الجزء 1,1TAlcHMom0fPKOw7B-3GJ6OPZQ443_wNz,https://drive.google.com/file/d/1TAlcHMom0fPKOw7B-3GJ6OPZQ443_wNz/view?usp=drive_link,VALID_CURRENT_LINK,200,true,baridi mob to binance PART 1 .mp4,video/mp4,,,,,,false,,,,KEEP_CURRENT
22,طريقة شحن حسابك عبر البريد المباشر على السيرفر | شرح خطوة بخطوة,driveParts,1,الجزء 2,1uHeM7uVGdgrglvo0Gqi0YqVPLg45LlOr,https://drive.google.com/file/d/1uHeM7uVGdgrglvo0Gqi0YqVPLg45LlOr/view?usp=drive_link,VALID_CURRENT_LINK,200,true,RECHARGE CREDIT AUTO PART 2 .mp4,video/mp4,,,,,,false,,,,KEEP_CURRENT
23,تفليش أجهزة Qualcomm باستخدام Test Point | الدخول إلى EDL وشرح كامل,driveEmbedUrl,,,1v51WzEfH8XPSzck5n7ino1mXpO8Cfvnq,https://drive.google.com/file/d/1v51WzEfH8XPSzck5n7ino1mXpO8Cfvnq/view?usp=drive_link,VALID_CURRENT_LINK,200,true,part 1.mp4,video/mp4,,,,,,false,,,,KEEP_CURRENT
23,تفليش أجهزة Qualcomm باستخدام Test Point | الدخول إلى EDL وشرح كامل,driveParts,0,الجزء 1,1v51WzEfH8XPSzck5n7ino1mXpO8Cfvnq,https://drive.google.com/file/d/1v51WzEfH8XPSzck5n7ino1mXpO8Cfvnq/view?usp=drive_link,VALID_CURRENT_LINK,200,true,part 1.mp4,video/mp4,,,,,,false,,,,KEEP_CURRENT
23,تفليش أجهزة Qualcomm باستخدام Test Point | الدخول إلى EDL وشرح كامل,driveParts,1,الجزء 2,1C6tc-Tg9dHrD5ZVR8hzRQZ4MkivxrP15,https://drive.google.com/file/d/1C6tc-Tg9dHrD5ZVR8hzRQZ4MkivxrP15/view?usp=drive_link,VALID_CURRENT_LINK,200,true,part 2.mp4,video/mp4,,,,,,false,,,,KEEP_CURRENT
23,تفليش أجهزة Qualcomm باستخدام Test Point | الدخول إلى EDL وشرح كامل,driveParts,2,الجزء 3,1LPkFlXYSrdIPUG9x8LguAUgNAfT-2vKZ,https://drive.google.com/file/d/1LPkFlXYSrdIPUG9x8LguAUgNAfT-2vKZ/view?usp=drive_link,VALID_CURRENT_LINK,200,true,part 3.mp4,video/mp4,,,,,,false,,,,KEEP_CURRENT
24,Qualcomm باستخدام تقنية Test Point للدخول إلى وضع EDL.,driveEmbedUrl,,,1v51WzEfH8XPSzck5n7ino1mXpO8Cfvnq,https://drive.google.com/file/d/1v51WzEfH8XPSzck5n7ino1mXpO8Cfvnq/view?usp=drive_link,VALID_CURRENT_LINK,200,true,part 1.mp4,video/mp4,,,,,,false,,,,KEEP_CURRENT
24,Qualcomm باستخدام تقنية Test Point للدخول إلى وضع EDL.,driveParts,0,الجزء 1,1v51WzEfH8XPSzck5n7ino1mXpO8Cfvnq,https://drive.google.com/file/d/1v51WzEfH8XPSzck5n7ino1mXpO8Cfvnq/view?usp=drive_link,VALID_CURRENT_LINK,200,true,part 1.mp4,video/mp4,,,,,,false,,,,KEEP_CURRENT
24,Qualcomm باستخدام تقنية Test Point للدخول إلى وضع EDL.,driveParts,1,الجزء 2,1C6tc-Tg9dHrD5ZVR8hzRQZ4MkivxrP15,https://drive.google.com/file/d/1C6tc-Tg9dHrD5ZVR8hzRQZ4MkivxrP15/view?usp=drive_link,VALID_CURRENT_LINK,200,true,part 2.mp4,video/mp4,,,,,,false,,,,KEEP_CURRENT
24,Qualcomm باستخدام تقنية Test Point للدخول إلى وضع EDL.,driveParts,2,الجزء 3,1LPkFlXYSrdIPUG9x8LguAUgNAfT-2vKZ,https://drive.google.com/file/d/1LPkFlXYSrdIPUG9x8LguAUgNAfT-2vKZ/view?usp=drive_link,VALID_CURRENT_LINK,200,true,part 3.mp4,video/mp4,,,,,,false,,,,KEEP_CURRENT
25,حماية حسابك على السيرفر من الاختراق + تفعيل Google Authenticator وتحديث الأمان,driveEmbedUrl,,,1k4qspOf3L4jC2BMNNkStjcUmriR3zfMD,https://drive.google.com/file/d/1k4qspOf3L4jC2BMNNkStjcUmriR3zfMD/view?usp=drive_link,VALID_CURRENT_LINK,200,true,protect account .mp4,video/mp4,,,,,,false,,,,KEEP_CURRENT
26,حذف FRP لأجهزة Huawei باستخدام Test Point | الدخول إلى وضع التفليش بسهولة,driveEmbedUrl,,,18K38CvtLutPXMIIBs5SfXz4bTYMcsZbS,https://drive.google.com/file/d/18K38CvtLutPXMIIBs5SfXz4bTYMcsZbS/view?usp=drive_link,VALID_CURRENT_LINK,200,true,part 1.mp4,video/mp4,,,,,,false,,,,KEEP_CURRENT
26,حذف FRP لأجهزة Huawei باستخدام Test Point | الدخول إلى وضع التفليش بسهولة,driveParts,0,الجزء 1,18K38CvtLutPXMIIBs5SfXz4bTYMcsZbS,https://drive.google.com/file/d/18K38CvtLutPXMIIBs5SfXz4bTYMcsZbS/view?usp=drive_link,VALID_CURRENT_LINK,200,true,part 1.mp4,video/mp4,,,,,,false,,,,KEEP_CURRENT
26,حذف FRP لأجهزة Huawei باستخدام Test Point | الدخول إلى وضع التفليش بسهولة,driveParts,1,الجزء 2,1pjmeUibsO5Su89T6lrLlZvLFYv4kIqNM,https://drive.google.com/file/d/1pjmeUibsO5Su89T6lrLlZvLFYv4kIqNM/view?usp=drive_link,VALID_CURRENT_LINK,200,true,part 2.mp4,video/mp4,,,,,,false,,,,KEEP_CURRENT
26,حذف FRP لأجهزة Huawei باستخدام Test Point | الدخول إلى وضع التفليش بسهولة,driveParts,2,الجزء 3,1Q9oRHxU4inP7Jws5JUSdCkZTPbnoZddU,https://drive.google.com/file/d/1Q9oRHxU4inP7Jws5JUSdCkZTPbnoZddU/view?usp=drive_link,VALID_CURRENT_LINK,200,true,part 3.mp4,video/mp4,,,,,,false,,,,KEEP_CURRENT
27,تفليش أجهزة Huawei باستخدام Sigma Box عبر Test Point | شرح احترافي,driveEmbedUrl,,,1H6_-5JmBOpLszXoaOld7_MUcp-O4qsEH,https://drive.google.com/file/d/1H6_-5JmBOpLszXoaOld7_MUcp-O4qsEH/view?usp=drive_link,VALID_CURRENT_LINK,200,true,part 1.mp4,video/mp4,,,,,,false,,,,KEEP_CURRENT
27,تفليش أجهزة Huawei باستخدام Sigma Box عبر Test Point | شرح احترافي,driveParts,0,الجزء 1,1H6_-5JmBOpLszXoaOld7_MUcp-O4qsEH,https://drive.google.com/file/d/1H6_-5JmBOpLszXoaOld7_MUcp-O4qsEH/view?usp=drive_link,VALID_CURRENT_LINK,200,true,part 1.mp4,video/mp4,,,,,,false,,,,KEEP_CURRENT
27,تفليش أجهزة Huawei باستخدام Sigma Box عبر Test Point | شرح احترافي,driveParts,1,الجزء 2,1JdV2iKeSPxvwA5i-S8aQ8KbMVcOOQtIP,https://drive.google.com/file/d/1JdV2iKeSPxvwA5i-S8aQ8KbMVcOOQtIP/view?usp=drive_link,VALID_CURRENT_LINK,200,true,part 2.mp4,video/mp4,,,,,,false,,,,KEEP_CURRENT
27,تفليش أجهزة Huawei باستخدام Sigma Box عبر Test Point | شرح احترافي,driveParts,2,الجزء 3,1TGCw5Ko9hM91F9mO5z3oAQBAnLJ520Kb,https://drive.google.com/file/d/1TGCw5Ko9hM91F9mO5z3oAQBAnLJ520Kb/view?usp=drive_link,VALID_CURRENT_LINK,200,true,part 3.mp4,video/mp4,,,,,,false,,,,KEEP_CURRENT
28,حذف Huawei ID (أقوى حماية) باستخدام Chimera Tool | شرح احترافي,driveEmbedUrl,,,1BJU6XyazIYOY_W_wlFgBu7H7s7-vmRo1,https://drive.google.com/file/d/1BJU6XyazIYOY_W_wlFgBu7H7s7-vmRo1/view?usp=drive_link,VALID_CURRENT_LINK,200,true,REMOVE HUAWEI ID  .mp4,video/mp4,,,,,,false,,,,KEEP_CURRENT
29,شرح عمل Restore لأجهزة MacBook T2 باستخدام iBridge | حل مشاكل النظام,driveEmbedUrl,,,1do54o7-sNCK4A-Jbjg0hNkni94on6z44,https://drive.google.com/file/d/1do54o7-sNCK4A-Jbjg0hNkni94on6z44/view?usp=drive_link,VALID_CURRENT_LINK,200,true,macbook t2 restore 9.2 to 9.1 .mkv,video/matroska,,,,,,false,,,,KEEP_CURRENT
30,إزالة MDM من MacBook T2 | فتح الجهاز والتخلص من القيود نهائياً,driveEmbedUrl,,,1xs0Mn0Qn46MEyKaW_jFb5w8r9oe0AjRH,https://drive.google.com/file/d/1xs0Mn0Qn46MEyKaW_jFb5w8r9oe0AjRH/view?usp=drive_link,VALID_CURRENT_LINK,200,true,remove mdm macbook t2.mp4,video/mp4,,,,,,false,,,,KEEP_CURRENT
31,طريقة تثبيت نظام macOS على MacBook | شرح كامل من الصفر,driveEmbedUrl,,,162Rxsr0lrSi_RCpSwGK7XuMV-UxsfOMO,https://drive.google.com/file/d/162Rxsr0lrSi_RCpSwGK7XuMV-UxsfOMO/view?usp=drive_link,VALID_CURRENT_LINK,200,true,part 1.mp4,video/mp4,,,,,,false,,,,KEEP_CURRENT
31,طريقة تثبيت نظام macOS على MacBook | شرح كامل من الصفر,driveParts,0,الجزء 1,162Rxsr0lrSi_RCpSwGK7XuMV-UxsfOMO,https://drive.google.com/file/d/162Rxsr0lrSi_RCpSwGK7XuMV-UxsfOMO/view?usp=drive_link,VALID_CURRENT_LINK,200,true,part 1.mp4,video/mp4,,,,,,false,,,,KEEP_CURRENT
31,طريقة تثبيت نظام macOS على MacBook | شرح كامل من الصفر,driveParts,1,الجزء 2,1VLYPxgjkUVXE6lDDe1FM4QykrCQifEK7,https://drive.google.com/file/d/1VLYPxgjkUVXE6lDDe1FM4QykrCQifEK7/view?usp=drive_link,VALID_CURRENT_LINK,200,true,part 2.mp4,video/mp4,,,,,,false,,,,KEEP_CURRENT
31,طريقة تثبيت نظام macOS على MacBook | شرح كامل من الصفر,driveParts,2,الجزء 3,1fTSzD_crdPT5BxmpI051kVZI_OVXhCFz,https://drive.google.com/file/d/1fTSzD_crdPT5BxmpI051kVZI_OVXhCFz/view?usp=drive_link,VALID_CURRENT_LINK,200,true,part 3.mp4,video/mp4,,,,,,false,,,,KEEP_CURRENT
31,طريقة تثبيت نظام macOS على MacBook | شرح كامل من الصفر,driveParts,3,الجزء 4,15qwl7Wki-Z5wjz7JlG9YC0UlyFiGLMWQ,https://drive.google.com/file/d/15qwl7Wki-Z5wjz7JlG9YC0UlyFiGLMWQ/view?usp=drive_link,VALID_CURRENT_LINK,200,true,part 4.mp4,video/mp4,,,,,,false,,,,KEEP_CURRENT
32,تجاوز حماية T2 في MacBook (T2 Bypass) | فتح الجهاز بدون قيود,driveEmbedUrl,,,1ESjsKvu568LmpFtGK6S8oYMtFn8ibbxu,https://drive.google.com/file/d/1ESjsKvu568LmpFtGK6S8oYMtFn8ibbxu/view?usp=drive_link,VALID_CURRENT_LINK,200,true,t2 full bypass .mp4,video/mp4,,,,,,false,,,,KEEP_CURRENT
33,قراءة معلومات أجهزة MacBook M1 / M2 / M3 / M4 | Get Info شرح كامل,driveEmbedUrl,,,1hhls7j1AmYy6WX6wVOjDt_x2qPUnRDHA,https://drive.google.com/file/d/1hhls7j1AmYy6WX6wVOjDt_x2qPUnRDHA/view?usp=drive_link,VALID_CURRENT_LINK,200,true,2024-10-15 19-51-55.mkv,video/matroska,,,,,,true,1xj1I56UZz-9AR2qN0P6-Q5Wg410FwWo8,https://drive.google.com/file/d/1xj1I56UZz-9AR2qN0P6-Q5Wg410FwWo8/view,100% — byte-identical (same MD5 and size),SAFE_CONTENT_MATCH_BUT_OLD_LINK_IS_STILL_VALID
34,إزالة MDM لهاتف Samsung A52 باستخدام Test Point | شرح خطوة بخطوة,driveEmbedUrl,,,1VP2uiRdHnU6UjFw9Cmj9QTfjqE7FboTx,https://drive.google.com/file/d/1VP2uiRdHnU6UjFw9Cmj9QTfjqE7FboTx/view?usp=drive_link,VALID_CURRENT_LINK,200,true,SAMSUNG REMOVE MDM .mp4,video/mp4,,,,,,false,,,,KEEP_CURRENT
35,إصلاح الشبكة لهواتف Samsung عبر Patch Cert | حل مشكلة No Service,driveEmbedUrl,,,1tf9MRpX1-0CXJKD8R-FjwqG_TZL5bpYs,https://drive.google.com/file/d/1tf9MRpX1-0CXJKD8R-FjwqG_TZL5bpYs/view?usp=drive_link,VALID_CURRENT_LINK,200,true,part 1.mkv,video/matroska,,,,,,false,,,,KEEP_CURRENT
35,إصلاح الشبكة لهواتف Samsung عبر Patch Cert | حل مشكلة No Service,driveParts,0,الجزء 1,1tf9MRpX1-0CXJKD8R-FjwqG_TZL5bpYs,https://drive.google.com/file/d/1tf9MRpX1-0CXJKD8R-FjwqG_TZL5bpYs/view?usp=drive_link,VALID_CURRENT_LINK,200,true,part 1.mkv,video/matroska,,,,,,false,,,,KEEP_CURRENT
35,إصلاح الشبكة لهواتف Samsung عبر Patch Cert | حل مشكلة No Service,driveParts,1,الجزء 2,1sPyQwYFlVpWL2E6iOinJJKTlrHbWWFWM,https://drive.google.com/file/d/1sPyQwYFlVpWL2E6iOinJJKTlrHbWWFWM/view?usp=drive_link,VALID_CURRENT_LINK,200,true,part 2.mkv,video/matroska,,,,,,false,,,,KEEP_CURRENT
35,إصلاح الشبكة لهواتف Samsung عبر Patch Cert | حل مشكلة No Service,driveParts,2,الجزء 3,1cK085v7nwgE1AWUkf3IMPeZ9d6o90q96,https://drive.google.com/file/d/1cK085v7nwgE1AWUkf3IMPeZ9d6o90q96/view?usp=drive_link,VALID_CURRENT_LINK,200,true,part 3.mkv,video/matroska,,,,,,false,,,,KEEP_CURRENT
35,إصلاح الشبكة لهواتف Samsung عبر Patch Cert | حل مشكلة No Service,driveParts,3,الجزء 4,1klHiULHu0qpRWlqU-_3IdhlW_lTLUTk1,https://drive.google.com/file/d/1klHiULHu0qpRWlqU-_3IdhlW_lTLUTk1/view?usp=drive_link,VALID_CURRENT_LINK,200,true,part 4.mkv,video/matroska,,,,,,false,,,,KEEP_CURRENT
35,إصلاح الشبكة لهواتف Samsung عبر Patch Cert | حل مشكلة No Service,driveParts,4,الجزء 5,1MdvSxmd4K5droIFfJIwBWR-BXXlmu2L9,https://drive.google.com/file/d/1MdvSxmd4K5droIFfJIwBWR-BXXlmu2L9/view?usp=drive_link,VALID_CURRENT_LINK,200,true,part 5.mkv,video/matroska,,,,,,false,,,,KEEP_CURRENT
35,إصلاح الشبكة لهواتف Samsung عبر Patch Cert | حل مشكلة No Service,driveParts,5,الجزء 6,1WoBcJSAibaUzoKjSg58xruRlu-engXJN,https://drive.google.com/file/d/1WoBcJSAibaUzoKjSg58xruRlu-engXJN/view?usp=drive_link,VALID_CURRENT_LINK,200,true,part 6.mkv,video/matroska,,,,,,false,,,,KEEP_CURRENT
36,فك FRP لأجهزة Samsung Qualcomm باستخدام كابل خاص | يدعم S22 Ultra وجميع الموديلات,driveEmbedUrl,,,1je6kx5kZIuGfSTgaCYiLTxQnwUT5El2J,https://drive.google.com/file/d/1je6kx5kZIuGfSTgaCYiLTxQnwUT5El2J/view?usp=drive_link,VALID_CURRENT_LINK,200,true,2025-03-02 16-36-18.mp4,video/mp4,,,,,,true,,,,KEEP_CURRENT
37,فك شبكة Samsung باستخدام SIM Magic مجاناً | بدون برامج (حل 100% مجاني),driveEmbedUrl,,,1q_AZTgEueXWsp4qCXNXe_qdK7WPfq6Ip,https://drive.google.com/file/d/1q_AZTgEueXWsp4qCXNXe_qdK7WPfq6Ip/view?usp=drive_link,VALID_CURRENT_LINK,200,true,Network unlock  .mkv,video/matroska,,,,,,false,,,,KEEP_CURRENT
38,فك شبكة Samsung باستخدام SIM Magic مجاناً | بدون برامج (حل 100% مجاني),driveEmbedUrl,,,1KmXNY7lo5tBr85mJkH_5t3tmXHhHMOcg,https://drive.google.com/file/d/1KmXNY7lo5tBr85mJkH_5t3tmXHhHMOcg/view?usp=drive_link,VALID_CURRENT_LINK,200,true,samsung unlock network .mp4,video/mp4,,,,,,false,,,,KEEP_CURRENT
39,فك FRP لأجهزة Samsung عبر IMEI باستخدام السيرفر | بدون كابل أو تفليش,driveEmbedUrl,,,11mTy34ofu4QgxNisaoLVg0W_aRTFHq0S,https://drive.google.com/file/d/11mTy34ofu4QgxNisaoLVg0W_aRTFHq0S/view?usp=drive_link,VALID_CURRENT_LINK,200,true,samsung frp by imei .mp4,video/mp4,,,,,,false,,,,KEEP_CURRENT
40,فك FRP لتابلت Samsung عبر Serial Number | بدون برامج (طريقة سهلة),driveEmbedUrl,,,1RiDma8EYn5WMF03W89tjX4DdCnR9PvwH,https://drive.google.com/file/d/1RiDma8EYn5WMF03W89tjX4DdCnR9PvwH/view?usp=drive_link,VALID_CURRENT_LINK,200,true,frp samsung by serial part 1.mp4,video/mp4,,,,,,false,,,,KEEP_CURRENT
40,فك FRP لتابلت Samsung عبر Serial Number | بدون برامج (طريقة سهلة),driveParts,0,الجزء 1,1RiDma8EYn5WMF03W89tjX4DdCnR9PvwH,https://drive.google.com/file/d/1RiDma8EYn5WMF03W89tjX4DdCnR9PvwH/view?usp=drive_link,VALID_CURRENT_LINK,200,true,frp samsung by serial part 1.mp4,video/mp4,,,,,,false,,,,KEEP_CURRENT
40,فك FRP لتابلت Samsung عبر Serial Number | بدون برامج (طريقة سهلة),driveParts,1,الجزء 2,1M070G9vwjgA8djZFIANaK69Bw7Ff-UkE,https://drive.google.com/file/d/1M070G9vwjgA8djZFIANaK69Bw7Ff-UkE/view?usp=drive_link,VALID_CURRENT_LINK,200,true,frp samsung by serial part 2.mp4,video/mp4,,,,,,false,,,,KEEP_CURRENT
40,فك FRP لتابلت Samsung عبر Serial Number | بدون برامج (طريقة سهلة),driveParts,2,الجزء 3,1lS59f2G3mt2jRrkzlkTfy23X8eZ_PM2D,https://drive.google.com/file/d/1lS59f2G3mt2jRrkzlkTfy23X8eZ_PM2D/view?usp=drive_link,VALID_CURRENT_LINK,200,true,frp samsung by serial part 3.mp4,video/mp4,,,,,,false,,,,KEEP_CURRENT
41,تحضير كابل مخصص (Custom Cable) للدخول إلى EDL Mode لأجهزة Samsung,driveEmbedUrl,,,1OQQK4ZPfcdT0N90TuO7BzhfhDzTPmXqn,https://drive.google.com/file/d/1OQQK4ZPfcdT0N90TuO7BzhfhDzTPmXqn/view?usp=drive_link,VALID_CURRENT_LINK,200,true,cable Edl samsung .mp4,video/mp4,,,,,,false,,,,KEEP_CURRENT
41,تحضير كابل مخصص (Custom Cable) للدخول إلى EDL Mode لأجهزة Samsung,driveParts,0,الجزء 1,1OQQK4ZPfcdT0N90TuO7BzhfhDzTPmXqn,https://drive.google.com/file/d/1OQQK4ZPfcdT0N90TuO7BzhfhDzTPmXqn/view?usp=drive_link,VALID_CURRENT_LINK,200,true,cable Edl samsung .mp4,video/mp4,,,,,,false,,,,KEEP_CURRENT
41,تحضير كابل مخصص (Custom Cable) للدخول إلى EDL Mode لأجهزة Samsung,driveParts,1,الجزء 2,1oAw3Xd9lDp5D4b933W20igHGoLDMxPup,https://drive.google.com/file/d/1oAw3Xd9lDp5D4b933W20igHGoLDMxPup/view?usp=drive_link,VALID_CURRENT_LINK,200,true,PART 2 FRP .mp4,video/mp4,,,,,,true,,,,KEEP_CURRENT
42,طريقة تفليش جميع هواتف Samsung | شرح شامل لكل الموديلات,driveEmbedUrl,,,1EWartO5uo1ZmIVM3V6ZXEAfINebm3MBB,https://drive.google.com/file/d/1EWartO5uo1ZmIVM3V6ZXEAfINebm3MBB/view?usp=drive_link,VALID_CURRENT_LINK,200,true,part 1.mp4,video/mp4,,,,,,false,,,,KEEP_CURRENT
42,طريقة تفليش جميع هواتف Samsung | شرح شامل لكل الموديلات,driveParts,0,الجزء 1,1EWartO5uo1ZmIVM3V6ZXEAfINebm3MBB,https://drive.google.com/file/d/1EWartO5uo1ZmIVM3V6ZXEAfINebm3MBB/view?usp=drive_link,VALID_CURRENT_LINK,200,true,part 1.mp4,video/mp4,,,,,,false,,,,KEEP_CURRENT
42,طريقة تفليش جميع هواتف Samsung | شرح شامل لكل الموديلات,driveParts,1,الجزء 2,1BahrwsczO31Yyg5iBGzhCYgaXTxlSwCR,https://drive.google.com/file/d/1BahrwsczO31Yyg5iBGzhCYgaXTxlSwCR/view?usp=drive_link,VALID_CURRENT_LINK,200,true,part 2.mp4,video/mp4,,,,,,false,,,,KEEP_CURRENT
42,طريقة تفليش جميع هواتف Samsung | شرح شامل لكل الموديلات,driveParts,2,الجزء 3,1uR26JDzBiEprd5e-5xpiabYfPFPDhpfm,https://drive.google.com/file/d/1uR26JDzBiEprd5e-5xpiabYfPFPDhpfm/view?usp=drive_link,VALID_CURRENT_LINK,200,true,part 3.mp4,video/mp4,,,,,,false,,,,KEEP_CURRENT
42,طريقة تفليش جميع هواتف Samsung | شرح شامل لكل الموديلات,driveParts,3,الجزء 4,1zcyCQgDGmzaN1FNzbIWuWcOo5IjW6i9A,https://drive.google.com/file/d/1zcyCQgDGmzaN1FNzbIWuWcOo5IjW6i9A/view?usp=drive_link,VALID_CURRENT_LINK,200,true,part 4.mp4,video/mp4,,,,,,false,,,,KEEP_CURRENT
43,تفليش Samsung S23 Ultra | شرح احترافي خطوة بخطوة بدون أخطاء,driveEmbedUrl,,,1V0-GLeZMCqk4rIHaIPh46hR-4HNXeqRe,https://drive.google.com/file/d/1V0-GLeZMCqk4rIHaIPh46hR-4HNXeqRe/view?usp=drive_link,VALID_CURRENT_LINK,200,true,flash samsung .mp4,video/mp4,,,,,,false,,,,KEEP_CURRENT
44,تجاوز حماية Knox وMDM لأجهزة Samsung القديمة | طريقة فعالة,driveEmbedUrl,,,1l5S0qlNnBn6t208YeNOFhVfvb39GjwUi,https://drive.google.com/file/d/1l5S0qlNnBn6t208YeNOFhVfvb39GjwUi/view?usp=drive_link,VALID_CURRENT_LINK,200,true,part 1.mp4,video/mp4,,,,,,false,,,,KEEP_CURRENT
44,تجاوز حماية Knox وMDM لأجهزة Samsung القديمة | طريقة فعالة,driveParts,0,الجزء 1,1l5S0qlNnBn6t208YeNOFhVfvb39GjwUi,https://drive.google.com/file/d/1l5S0qlNnBn6t208YeNOFhVfvb39GjwUi/view?usp=drive_link,VALID_CURRENT_LINK,200,true,part 1.mp4,video/mp4,,,,,,false,,,,KEEP_CURRENT
44,تجاوز حماية Knox وMDM لأجهزة Samsung القديمة | طريقة فعالة,driveParts,1,الجزء 2,1hfpMdlWNhYu4WvByK2mSMRM4EZdQ7aiw,https://drive.google.com/file/d/1hfpMdlWNhYu4WvByK2mSMRM4EZdQ7aiw/view?usp=drive_link,VALID_CURRENT_LINK,200,true,part 2.mp4,video/mp4,,,,,,false,,,,KEEP_CURRENT
44,تجاوز حماية Knox وMDM لأجهزة Samsung القديمة | طريقة فعالة,driveParts,2,الجزء 3,1vZvUTkOb9HudqkA5xnFpFjiPMe6FSP-t,https://drive.google.com/file/d/1vZvUTkOb9HudqkA5xnFpFjiPMe6FSP-t/view?usp=drive_link,VALID_CURRENT_LINK,200,true,part 3.mp4,video/mp4,,,,,,false,,,,KEEP_CURRENT
44,تجاوز حماية Knox وMDM لأجهزة Samsung القديمة | طريقة فعالة,driveParts,3,الجزء 4,1UBfMYZHo7zwwBCD3af-QC-A4RHhQt1lI,https://drive.google.com/file/d/1UBfMYZHo7zwwBCD3af-QC-A4RHhQt1lI/view?usp=drive_link,VALID_CURRENT_LINK,200,true,part 4.mp4,video/mp4,,,,,,false,,,,KEEP_CURRENT
45,Bypass iPhone 6s إلى iPhone X باستخدام LPro Max | شرح كامل,driveEmbedUrl,,,1ul2-HGL3o9s9kzjIDpBhCP42sMXOOWvg,https://drive.google.com/file/d/1ul2-HGL3o9s9kzjIDpBhCP42sMXOOWvg/view?usp=drive_link,VALID_CURRENT_LINK,200,true,LPRO MAX FULL BYPASS 6S - X .mp4,video/mp4,,,,,,false,,,,KEEP_CURRENT
46,إزالة MDM من iPhone | التخلص من القيود وفتح الجهاز بالكامل,driveEmbedUrl,,,1jB7HjTo7W_qFcWJdW34hFzdpeRvYgBxK,https://drive.google.com/file/d/1jB7HjTo7W_qFcWJdW34hFzdpeRvYgBxK/view?usp=drive_link,VALID_CURRENT_LINK,200,true,part 1 .mov,video/quicktime,,,,,,false,,,,KEEP_CURRENT
46,إزالة MDM من iPhone | التخلص من القيود وفتح الجهاز بالكامل,driveParts,0,الجزء 1,1jB7HjTo7W_qFcWJdW34hFzdpeRvYgBxK,https://drive.google.com/file/d/1jB7HjTo7W_qFcWJdW34hFzdpeRvYgBxK/view?usp=drive_link,VALID_CURRENT_LINK,200,true,part 1 .mov,video/quicktime,,,,,,false,,,,KEEP_CURRENT
46,إزالة MDM من iPhone | التخلص من القيود وفتح الجهاز بالكامل,driveParts,1,الجزء 2,1AHT_Y32V5Oc9rN1mBmrbayCQBGZXW8TW,https://drive.google.com/file/d/1AHT_Y32V5Oc9rN1mBmrbayCQBGZXW8TW/view?usp=drive_link,VALID_CURRENT_LINK,200,true,part 2 .mov,video/quicktime,,,,,,false,,,,KEEP_CURRENT
47,طريقة تفليش جميع أجهزة iPhone | شرح شامل لكل الموديلات,driveEmbedUrl,,,1CtD-VCf9T6ptctQr7yAjcWUU1sNEJzFg,https://drive.google.com/file/d/1CtD-VCf9T6ptctQr7yAjcWUU1sNEJzFg/view?usp=drive_link,VALID_CURRENT_LINK,200,true,part 1.mp4,video/mp4,,,,,,false,,,,KEEP_CURRENT
47,طريقة تفليش جميع أجهزة iPhone | شرح شامل لكل الموديلات,driveParts,0,الجزء 1,1CtD-VCf9T6ptctQr7yAjcWUU1sNEJzFg,https://drive.google.com/file/d/1CtD-VCf9T6ptctQr7yAjcWUU1sNEJzFg/view?usp=drive_link,VALID_CURRENT_LINK,200,true,part 1.mp4,video/mp4,,,,,,false,,,,KEEP_CURRENT
47,طريقة تفليش جميع أجهزة iPhone | شرح شامل لكل الموديلات,driveParts,1,الجزء 2,1Q3ys84HSx7DAR5-7QJc7SyI84wHTms7U,https://drive.google.com/file/d/1Q3ys84HSx7DAR5-7QJc7SyI84wHTms7U/view?usp=drive_link,VALID_CURRENT_LINK,200,true,part 2.mp4,video/mp4,,,,,,false,,,,KEEP_CURRENT
47,طريقة تفليش جميع أجهزة iPhone | شرح شامل لكل الموديلات,driveParts,2,الجزء 3,1wFb6vN1KVAXjxCfRBJEAr9uDEjff9g0U,https://drive.google.com/file/d/1wFb6vN1KVAXjxCfRBJEAr9uDEjff9g0U/view?usp=drive_link,VALID_CURRENT_LINK,200,true,part 3.mp4,video/mp4,,,,,,false,,,,KEEP_CURRENT
47,طريقة تفليش جميع أجهزة iPhone | شرح شامل لكل الموديلات,driveParts,3,الجزء 4,1F81ZU7lAEnTuZBI7dn11Ir5BWTMWAD0T,https://drive.google.com/file/d/1F81ZU7lAEnTuZBI7dn11Ir5BWTMWAD0T/view?usp=drive_link,VALID_CURRENT_LINK,200,true,part 4.mp4,video/mp4,,,,,,false,,,,KEEP_CURRENT
48,Full Bypass من iPhone XS إلى 15 Pro Max باستخدام iRemoval Pro | شرح كامل,driveEmbedUrl,,,1SykSnFDb6rXyRGRzbcnGAE9geb7An6Fg,https://drive.google.com/file/d/1SykSnFDb6rXyRGRzbcnGAE9geb7An6Fg/view?usp=drive_link,VALID_CURRENT_LINK,200,true,part 1.mp4,video/mp4,,,,,,false,,,,KEEP_CURRENT
48,Full Bypass من iPhone XS إلى 15 Pro Max باستخدام iRemoval Pro | شرح كامل,driveParts,0,الجزء 1,1SykSnFDb6rXyRGRzbcnGAE9geb7An6Fg,https://drive.google.com/file/d/1SykSnFDb6rXyRGRzbcnGAE9geb7An6Fg/view?usp=drive_link,VALID_CURRENT_LINK,200,true,part 1.mp4,video/mp4,,,,,,false,,,,KEEP_CURRENT
48,Full Bypass من iPhone XS إلى 15 Pro Max باستخدام iRemoval Pro | شرح كامل,driveParts,1,الجزء 2,18rOUtWWSkfarC5yyrzVw0JlnY4rLIgzf,https://drive.google.com/file/d/18rOUtWWSkfarC5yyrzVw0JlnY4rLIgzf/view?usp=drive_link,VALID_CURRENT_LINK,200,true,part 2.mp4,video/mp4,,,,,,false,,,,KEEP_CURRENT
48,Full Bypass من iPhone XS إلى 15 Pro Max باستخدام iRemoval Pro | شرح كامل,driveParts,2,الجزء 3,1RU2pq6L2V5h4SUGaas-HC3neMYxaKW3k,https://drive.google.com/file/d/1RU2pq6L2V5h4SUGaas-HC3neMYxaKW3k/view?usp=drive_link,VALID_CURRENT_LINK,200,true,part 3.mp4,video/mp4,,,,,,false,,,,KEEP_CURRENT
48,Full Bypass من iPhone XS إلى 15 Pro Max باستخدام iRemoval Pro | شرح كامل,driveParts,3,الجزء 4,14pmUrlKjxz4IZ4TxaNuWzFsMx9hpOFTd,https://drive.google.com/file/d/14pmUrlKjxz4IZ4TxaNuWzFsMx9hpOFTd/view?usp=drive_link,VALID_CURRENT_LINK,200,true,part 4.mp4,video/mp4,,,,,,false,,,,KEEP_CURRENT
48,Full Bypass من iPhone XS إلى 15 Pro Max باستخدام iRemoval Pro | شرح كامل,driveParts,4,الجزء 5,1YH-TmoS7ml5TZymJP16fRQwPzcFpgmai,https://drive.google.com/file/d/1YH-TmoS7ml5TZymJP16fRQwPzcFpgmai/view?usp=drive_link,VALID_CURRENT_LINK,200,true,part 5.mp4,video/mp4,,,,,,false,,,,KEEP_CURRENT
49,أخذ Backup من iPhone مقفول (Passcode) لأجهزة 6s إلى X | حفظ بيانات الشبكة,driveEmbedUrl,,,11dyrgg2oxQr7BLmPNjgcbo7jiLSiQ1fN,https://drive.google.com/file/d/11dyrgg2oxQr7BLmPNjgcbo7jiLSiQ1fN/view?usp=drive_link,VALID_CURRENT_LINK,200,true,part 1.mp4,video/mp4,,,,,,false,,,,KEEP_CURRENT
49,أخذ Backup من iPhone مقفول (Passcode) لأجهزة 6s إلى X | حفظ بيانات الشبكة,driveParts,0,الجزء 1,11dyrgg2oxQr7BLmPNjgcbo7jiLSiQ1fN,https://drive.google.com/file/d/11dyrgg2oxQr7BLmPNjgcbo7jiLSiQ1fN/view?usp=drive_link,VALID_CURRENT_LINK,200,true,part 1.mp4,video/mp4,,,,,,false,,,,KEEP_CURRENT
49,أخذ Backup من iPhone مقفول (Passcode) لأجهزة 6s إلى X | حفظ بيانات الشبكة,driveParts,1,الجزء 2,1wyXOuemHFcHXu7mo1BdUYgGehOfOH8YU,https://drive.google.com/file/d/1wyXOuemHFcHXu7mo1BdUYgGehOfOH8YU/view?usp=drive_link,VALID_CURRENT_LINK,200,true,part 2 .mp4,video/mp4,,,,,,false,,,,KEEP_CURRENT
49,أخذ Backup من iPhone مقفول (Passcode) لأجهزة 6s إلى X | حفظ بيانات الشبكة,driveParts,2,الجزء 3,1SiRxIhwE0pUu3iHdHnmVa_F5vIUbcbfj,https://drive.google.com/file/d/1SiRxIhwE0pUu3iHdHnmVa_F5vIUbcbfj/view?usp=drive_link,VALID_CURRENT_LINK,200,true,part 3.mp4,video/mp4,,,,,,false,,,,KEEP_CURRENT
50,إزالة MDM باستخدام GAB Server Tools | شرح احترافي خطوة بخطوة,driveEmbedUrl,,,1zyCxQ4OYh8phEwCHhDxsiW-_yij6bume,https://drive.google.com/file/d/1zyCxQ4OYh8phEwCHhDxsiW-_yij6bume/view?usp=drive_link,VALID_CURRENT_LINK,200,true,bypass mdm .mp4,video/mp4,,,,,,false,,,,KEEP_CURRENT
51,تحديث حل Full Bypass لأجهزة iPhone | أحدث طريقة فعالة,driveEmbedUrl,,,1aK64QourfyqtEna6SCjtRPrISbqbIkao,https://drive.google.com/file/d/1aK64QourfyqtEna6SCjtRPrISbqbIkao/view?usp=drive_link,VALID_CURRENT_LINK,200,true,update full bypass .mp4,video/mp4,,,,,,false,,,,KEEP_CURRENT
51,تحديث حل Full Bypass لأجهزة iPhone | أحدث طريقة فعالة,driveParts,0,الجزء 1,1aK64QourfyqtEna6SCjtRPrISbqbIkao,https://drive.google.com/file/d/1aK64QourfyqtEna6SCjtRPrISbqbIkao/view?usp=drive_link,VALID_CURRENT_LINK,200,true,update full bypass .mp4,video/mp4,,,,,,false,,,,KEEP_CURRENT
52,ReBypass iPhone بعد Erase + تفعيل الجهاز باستخدام Tool | شرح كامل,driveEmbedUrl,,,10juH8g8zE3SJaViKYqKxsVoFzOjP2hr-,https://drive.google.com/file/d/10juH8g8zE3SJaViKYqKxsVoFzOjP2hr-/view?usp=drive_link,VALID_CURRENT_LINK,200,true,part 1.mp4,video/mp4,,,,,,true,1ti2kmvAtBggLYzf1Q04KILkMr-ukk6Ra,https://drive.google.com/file/d/1ti2kmvAtBggLYzf1Q04KILkMr-ukk6Ra/view,100% — byte-identical (same MD5 and size),SAFE_CONTENT_MATCH_BUT_OLD_LINK_IS_STILL_VALID
52,ReBypass iPhone بعد Erase + تفعيل الجهاز باستخدام Tool | شرح كامل,driveParts,0,الجزء 1,10juH8g8zE3SJaViKYqKxsVoFzOjP2hr-,https://drive.google.com/file/d/10juH8g8zE3SJaViKYqKxsVoFzOjP2hr-/view?usp=drive_link,VALID_CURRENT_LINK,200,true,part 1.mp4,video/mp4,,,,,,true,1ti2kmvAtBggLYzf1Q04KILkMr-ukk6Ra,https://drive.google.com/file/d/1ti2kmvAtBggLYzf1Q04KILkMr-ukk6Ra/view,100% — byte-identical (same MD5 and size),SAFE_CONTENT_MATCH_BUT_OLD_LINK_IS_STILL_VALID
52,ReBypass iPhone بعد Erase + تفعيل الجهاز باستخدام Tool | شرح كامل,driveParts,1,الجزء 2,1yvYMRKQIBf4ymPolyrye8-ijr5IwDEpJ,https://drive.google.com/file/d/1yvYMRKQIBf4ymPolyrye8-ijr5IwDEpJ/view?usp=drive_link,VALID_CURRENT_LINK,200,true,part 2.mp4,video/mp4,,,,,,false,,,,KEEP_CURRENT
52,ReBypass iPhone بعد Erase + تفعيل الجهاز باستخدام Tool | شرح كامل,driveParts,2,الجزء 3,1RJUTX3uJKSGjE0MntrYFyH853EH6GN-5,https://drive.google.com/file/d/1RJUTX3uJKSGjE0MntrYFyH853EH6GN-5/view?usp=drive_link,VALID_CURRENT_LINK,200,true,part 3.mp4,video/mp4,,,,,,false,,,,KEEP_CURRENT
52,ReBypass iPhone بعد Erase + تفعيل الجهاز باستخدام Tool | شرح كامل,driveParts,3,الجزء 4,1y30pxxBeTPIwdtKFfQKl1ahv6jSHaIR6,https://drive.google.com/file/d/1y30pxxBeTPIwdtKFfQKl1ahv6jSHaIR6/view?usp=drive_link,VALID_CURRENT_LINK,200,true,part 4.mp4,video/mp4,,,,,,false,,,,KEEP_CURRENT
52,ReBypass iPhone بعد Erase + تفعيل الجهاز باستخدام Tool | شرح كامل,driveParts,4,الجزء 5,1UQVeYwwnt7z-MqjyXPEQVM8Dib1CBKSd,https://drive.google.com/file/d/1UQVeYwwnt7z-MqjyXPEQVM8Dib1CBKSd/view?usp=drive_link,VALID_CURRENT_LINK,200,true,part 5.mp4,video/mp4,,,,,,false,,,,KEEP_CURRENT
53,حذف iCloud باستخدام المعلومات (Fiche Médicale + رقم الهاتف) | شرح احترافي,driveEmbedUrl,,,1UFMeu9fERC84Ich4r9uSCzYh6g6vzZV7,https://drive.google.com/file/d/1UFMeu9fERC84Ich4r9uSCzYh6g6vzZV7/view?usp=drive_link,VALID_CURRENT_LINK,200,true,icloud remove with info .mp4,video/mp4,,,,,,false,,,,KEEP_CURRENT
54,تغيير Serial لأجهزة iPad القديمة باستخدام Purple Mode | شرح احترافي,driveEmbedUrl,,,11pQcLk3ZFIx1OsoXaXINa9gSSoEiw6PW,https://drive.google.com/file/d/11pQcLk3ZFIx1OsoXaXINa9gSSoEiw6PW/view?usp=drive_link,VALID_CURRENT_LINK,200,true,part 1 .mkv,video/matroska,,,,,,false,,,,KEEP_CURRENT
54,تغيير Serial لأجهزة iPad القديمة باستخدام Purple Mode | شرح احترافي,driveParts,0,الجزء 1,11pQcLk3ZFIx1OsoXaXINa9gSSoEiw6PW,https://drive.google.com/file/d/11pQcLk3ZFIx1OsoXaXINa9gSSoEiw6PW/view?usp=drive_link,VALID_CURRENT_LINK,200,true,part 1 .mkv,video/matroska,,,,,,false,,,,KEEP_CURRENT
54,تغيير Serial لأجهزة iPad القديمة باستخدام Purple Mode | شرح احترافي,driveParts,1,الجزء 2,1zdbS9cGTKNMOK-eUkfOXnlAu47FWgzNp,https://drive.google.com/file/d/1zdbS9cGTKNMOK-eUkfOXnlAu47FWgzNp/view?usp=drive_link,VALID_CURRENT_LINK,200,true,part 2 .mkv,video/matroska,,,,,,false,,,,KEEP_CURRENT
55,Bypass iPad Pro 3 باستخدام iRemoval Pro عبر السيرفر | شرح كامل,driveEmbedUrl,,,12RSJXmKAHn05NVu6IV72nkNXqWazhfbK,https://drive.google.com/file/d/12RSJXmKAHn05NVu6IV72nkNXqWazhfbK/view?usp=drive_link,VALID_CURRENT_LINK,200,true,PART 1 .mkv,video/matroska,,,,,,false,,,,KEEP_CURRENT
55,Bypass iPad Pro 3 باستخدام iRemoval Pro عبر السيرفر | شرح كامل,driveParts,0,الجزء 1,12RSJXmKAHn05NVu6IV72nkNXqWazhfbK,https://drive.google.com/file/d/12RSJXmKAHn05NVu6IV72nkNXqWazhfbK/view?usp=drive_link,VALID_CURRENT_LINK,200,true,PART 1 .mkv,video/matroska,,,,,,false,,,,KEEP_CURRENT
55,Bypass iPad Pro 3 باستخدام iRemoval Pro عبر السيرفر | شرح كامل,driveParts,1,الجزء 2,1Jl-gewstvXla15Wy2y18H3j6D70TRWlo,https://drive.google.com/file/d/1Jl-gewstvXla15Wy2y18H3j6D70TRWlo/view?usp=drive_link,VALID_CURRENT_LINK,200,true,PART 2.mkv,video/matroska,,,,,,false,,,,KEEP_CURRENT
56,Bypass iPad Air 5 باستخدام iRemoval Pro عبر السيرفر | شرح احترافي,driveEmbedUrl,,,1RLHxcDWGCovHn-dbc2JOY-9CFR3E92Ub,https://drive.google.com/file/d/1RLHxcDWGCovHn-dbc2JOY-9CFR3E92Ub/view?usp=drive_link,VALID_CURRENT_LINK,200,true,FULL PART .mkv,video/matroska,,,,,,false,,,,KEEP_CURRENT
57,Bypass أجهزة iPad من A7 إلى A11 | شرح شامل لجميع الموديلات القديمة,driveEmbedUrl,,,1eX5b309pe5smZ1xSMkgo7H3rMuaNewSx,https://drive.google.com/file/d/1eX5b309pe5smZ1xSMkgo7H3rMuaNewSx/view?usp=drive_link,VALID_CURRENT_LINK,200,true,part 1 .mp4,video/mp4,,,,,,false,,,,KEEP_CURRENT
57,Bypass أجهزة iPad من A7 إلى A11 | شرح شامل لجميع الموديلات القديمة,driveParts,0,الجزء 1,1eX5b309pe5smZ1xSMkgo7H3rMuaNewSx,https://drive.google.com/file/d/1eX5b309pe5smZ1xSMkgo7H3rMuaNewSx/view?usp=drive_link,VALID_CURRENT_LINK,200,true,part 1 .mp4,video/mp4,,,,,,false,,,,KEEP_CURRENT
57,Bypass أجهزة iPad من A7 إلى A11 | شرح شامل لجميع الموديلات القديمة,driveParts,1,الجزء 2,1z3di_jUhpDirsUI4fIB2t5ZOe6Ilrzck,https://drive.google.com/file/d/1z3di_jUhpDirsUI4fIB2t5ZOe6Ilrzck/view?usp=drive_link,VALID_CURRENT_LINK,200,true,part 2 .mkv,video/matroska,,,,,,false,,,,KEEP_CURRENT
57,Bypass أجهزة iPad من A7 إلى A11 | شرح شامل لجميع الموديلات القديمة,driveParts,2,الجزء 3,1T9vZ_y8r_ioUbnOKMw5di43-fPizp8r4,https://drive.google.com/file/d/1T9vZ_y8r_ioUbnOKMw5di43-fPizp8r4/view?usp=drive_link,VALID_CURRENT_LINK,200,true,part 3 .mkv,video/matroska,,,,,,false,,,,KEEP_CURRENT
57,Bypass أجهزة iPad من A7 إلى A11 | شرح شامل لجميع الموديلات القديمة,driveParts,3,الجزء 4,1Q_m09LOTvahj3gCMEzjyuOVZ7CcM-kTk,https://drive.google.com/file/d/1Q_m09LOTvahj3gCMEzjyuOVZ7CcM-kTk/view?usp=drive_link,VALID_CURRENT_LINK,200,true,part 4 .mkv,video/matroska,,,,,,false,,,,KEEP_CURRENT
58,Bypass iPad Air 2 باستخدام GAB Tools | أرخص سعر في العالم (5DA فقط),driveEmbedUrl,,,1vYTbVohPEjPPhFLyv2PoXiOBD644Ef75,https://drive.google.com/file/d/1vYTbVohPEjPPhFLyv2PoXiOBD644Ef75/view?usp=drive_link,VALID_CURRENT_LINK,200,true,2025-04-17 13-33-52.mp4,video/mp4,,,,,,true,1e-EVQ-0y276Mwt-xPlFIanDuj8gGRAde,https://drive.google.com/file/d/1e-EVQ-0y276Mwt-xPlFIanDuj8gGRAde/view,100% — byte-identical (same MD5 and size),SAFE_CONTENT_MATCH_BUT_OLD_LINK_IS_STILL_VALID
59,Bypass iCloud لأجهزة A7 إلى A11 باستخدام Unlock Tool | طريقة Ramdisk + حل جميع المشاكل,driveEmbedUrl,,,15t9OLNtQO1fIRdy0OjnPyKFsfwAaTu2W,https://drive.google.com/file/d/15t9OLNtQO1fIRdy0OjnPyKFsfwAaTu2W/view?usp=drive_link,VALID_CURRENT_LINK,200,true,part 1.mp4,video/mp4,,,,,,false,,,,KEEP_CURRENT
59,Bypass iCloud لأجهزة A7 إلى A11 باستخدام Unlock Tool | طريقة Ramdisk + حل جميع المشاكل,driveParts,0,الجزء 1,15t9OLNtQO1fIRdy0OjnPyKFsfwAaTu2W,https://drive.google.com/file/d/15t9OLNtQO1fIRdy0OjnPyKFsfwAaTu2W/view?usp=drive_link,VALID_CURRENT_LINK,200,true,part 1.mp4,video/mp4,,,,,,false,,,,KEEP_CURRENT
59,Bypass iCloud لأجهزة A7 إلى A11 باستخدام Unlock Tool | طريقة Ramdisk + حل جميع المشاكل,driveParts,1,الجزء 2,18ZHO4ruvDxeLuCcG00Q9ZmiCqx9DW3wn,https://drive.google.com/file/d/18ZHO4ruvDxeLuCcG00Q9ZmiCqx9DW3wn/view?usp=drive_link,VALID_CURRENT_LINK,200,true,part 2.mp4,video/mp4,,,,,,false,,,,KEEP_CURRENT
60,فك FRP لأجهزة Xiaomi باستخدام Test Point | شرح احترافي خطوة بخطوة,driveEmbedUrl,,,1JOOUhuiFPx4zFYbEFyhv-Tmz45fT38Qg,https://drive.google.com/file/d/1JOOUhuiFPx4zFYbEFyhv-Tmz45fT38Qg/view?usp=drive_link,VALID_CURRENT_LINK,200,true,frp xiaomi.mp4,video/mp4,,,,,,true,,,,KEEP_CURRENT
61,فك FRP لأجهزة Xiaomi باستخدام USB Redirector | يدعم جميع الموديلات,driveEmbedUrl,,,19-dShNdLsCJ1VZDiND90uor2l_zytFI3,https://drive.google.com/file/d/19-dShNdLsCJ1VZDiND90uor2l_zytFI3/view?usp=drive_link,VALID_CURRENT_LINK,200,true,XIAOMI FRP BY USB REDIRECTOR .mp4,video/mp4,,,,,,false,,,,KEEP_CURRENT
62,GAB SERVER | جميع الخدمات في منصة واحدة (Unlock - FRP - Bypass - Flash),driveEmbedUrl,,,13QHYwar9IwJfeUIAHJLgBivwItaM3w7v,https://drive.google.com/file/d/13QHYwar9IwJfeUIAHJLgBivwItaM3w7v/view?usp=drive_link,VALID_CURRENT_LINK,200,true,part 1.mp4,video/mp4,,,,,,false,,,,KEEP_CURRENT
62,GAB SERVER | جميع الخدمات في منصة واحدة (Unlock - FRP - Bypass - Flash),driveParts,0,الجزء 1,13QHYwar9IwJfeUIAHJLgBivwItaM3w7v,https://drive.google.com/file/d/13QHYwar9IwJfeUIAHJLgBivwItaM3w7v/view?usp=drive_link,VALID_CURRENT_LINK,200,true,part 1.mp4,video/mp4,,,,,,false,,,,KEEP_CURRENT
62,GAB SERVER | جميع الخدمات في منصة واحدة (Unlock - FRP - Bypass - Flash),driveParts,1,الجزء 2,1C_rVWCujCMr_YIha0j4Pi2yCuaCrdCvJ,https://drive.google.com/file/d/1C_rVWCujCMr_YIha0j4Pi2yCuaCrdCvJ/view?usp=drive_link,VALID_CURRENT_LINK,200,true,part 2.mp4,video/mp4,,,,,,false,,,,KEEP_CURRENT
62,GAB SERVER | جميع الخدمات في منصة واحدة (Unlock - FRP - Bypass - Flash),driveParts,2,الجزء 3,1fMs1JnOr4zUoXf3WEjcfzGF7EHHnfuoP,https://drive.google.com/file/d/1fMs1JnOr4zUoXf3WEjcfzGF7EHHnfuoP/view?usp=drive_link,VALID_CURRENT_LINK,200,true,part 3.mp4,video/mp4,,,,,,false,,,,KEEP_CURRENT
62,GAB SERVER | جميع الخدمات في منصة واحدة (Unlock - FRP - Bypass - Flash),driveParts,3,الجزء 4,14JgayJADXL7rl7bImG4OvihIE2SZSpx5,https://drive.google.com/file/d/14JgayJADXL7rl7bImG4OvihIE2SZSpx5/view?usp=drive_link,VALID_CURRENT_LINK,200,true,part 4.mp4,video/mp4,,,,,,false,,,,KEEP_CURRENT
62,GAB SERVER | جميع الخدمات في منصة واحدة (Unlock - FRP - Bypass - Flash),driveParts,4,الجزء 5,1MJzOETn0JP1wiaS5Hpc4E6_xgs_wes5D,https://drive.google.com/file/d/1MJzOETn0JP1wiaS5Hpc4E6_xgs_wes5D/view?usp=drive_link,VALID_CURRENT_LINK,200,true,part 5.mp4,video/mp4,,,,,,false,,,,KEEP_CURRENT
62,GAB SERVER | جميع الخدمات في منصة واحدة (Unlock - FRP - Bypass - Flash),driveParts,5,الجزء 6,1mLJ9MD_pMniktvpNSRbamdRhnI8kP2zv,https://drive.google.com/file/d/1mLJ9MD_pMniktvpNSRbamdRhnI8kP2zv/view?usp=drive_link,VALID_CURRENT_LINK,200,true,part 6.mp4,video/mp4,,,,,,false,,,,KEEP_CURRENT
62,GAB SERVER | جميع الخدمات في منصة واحدة (Unlock - FRP - Bypass - Flash),driveParts,6,الجزء 7,1W5KWbLYpyY7UAoxD_x7pTgEWSvcOza72,https://drive.google.com/file/d/1W5KWbLYpyY7UAoxD_x7pTgEWSvcOza72/view?usp=drive_link,VALID_CURRENT_LINK,200,true,part 7.mp4,video/mp4,,,,,,false,,,,KEEP_CURRENT
62,GAB SERVER | جميع الخدمات في منصة واحدة (Unlock - FRP - Bypass - Flash),driveParts,7,الجزء 8,1BDHtN9fLyM9g9ap410-BqQcGCVebd8EX,https://drive.google.com/file/d/1BDHtN9fLyM9g9ap410-BqQcGCVebd8EX/view?usp=drive_link,VALID_CURRENT_LINK,200,true,part 8.mp4,video/mp4,,,,,,false,,,,KEEP_CURRENT
62,GAB SERVER | جميع الخدمات في منصة واحدة (Unlock - FRP - Bypass - Flash),driveParts,8,الجزء 9,1ziw57qDFvIvpDL4HHR_IOIUM5puQGquO,https://drive.google.com/file/d/1ziw57qDFvIvpDL4HHR_IOIUM5puQGquO/view?usp=drive_link,VALID_CURRENT_LINK,200,true,part 9.mp4,video/mp4,,,,,,false,,,,KEEP_CURRENT
62,GAB SERVER | جميع الخدمات في منصة واحدة (Unlock - FRP - Bypass - Flash),driveParts,9,الجزء 10,17S5TY2CdPVQOX-FIQ_rm4fkaKlh3aqw3,https://drive.google.com/file/d/17S5TY2CdPVQOX-FIQ_rm4fkaKlh3aqw3/view?usp=drive_link,VALID_CURRENT_LINK,200,true,part 10.mp4,video/mp4,,,,,,false,,,,KEEP_CURRENT
62,GAB SERVER | جميع الخدمات في منصة واحدة (Unlock - FRP - Bypass - Flash),driveParts,10,الجزء 11,1qUc20j3CK7AB26QgCF4rTD-CZTOvJYhv,https://drive.google.com/file/d/1qUc20j3CK7AB26QgCF4rTD-CZTOvJYhv/view?usp=drive_link,VALID_CURRENT_LINK,200,true,part 11.mp4,video/mp4,,,,,,false,,,,KEEP_CURRENT
64,قبل ما تشترك 👇 شاهد هذا الدرس الحقيقي من داخل الدورة,driveEmbedUrl,,,1HEpZdEnVALq-f1NPJwo8OlJBhQDWW80Q,https://drive.google.com/file/d/1HEpZdEnVALq-f1NPJwo8OlJBhQDWW80Q/view?usp=drive_link,VALID_CURRENT_LINK,200,true,vip courses show .mov,video/quicktime,,,,,,false,,,,KEEP_CURRENT
68,1-مقدمة,driveEmbedUrl,,,1eZa3iEyXo0uUkDGvnzaHC7PydhbWLO9j,https://drive.google.com/file/d/1eZa3iEyXo0uUkDGvnzaHC7PydhbWLO9j/view?usp=sharing,VALID_CURRENT_LINK,200,true,1-مقدمة.mp4,video/mp4,,,,,,false,,,,KEEP_CURRENT
69,2-المواقع لي نحتاجوهم,driveEmbedUrl,,,1dy7lUOZ-sU5N18t2ksK91Ew64QpOwy_Z,https://drive.google.com/file/d/1dy7lUOZ-sU5N18t2ksK91Ew64QpOwy_Z/view?usp=sharing,MISSING_FILE,404,false,,,,,,,,false,,,,MANUAL_REVIEW
70,3-انشاء حساب paypal,driveEmbedUrl,,,1KUi-La5ICjqpy-wkNQtv1xf0Kc39ytoi,https://drive.google.com/file/d/1KUi-La5ICjqpy-wkNQtv1xf0Kc39ytoi/view?usp=sharing,MISSING_FILE,404,false,,,,,,,,false,,,,MANUAL_REVIEW
71,4-ربط البطاقة مع paypal,driveEmbedUrl,,,1nOL7PiaNTLZqWu0aI2ozpSwoK9uTx0-g,https://drive.google.com/file/d/1nOL7PiaNTLZqWu0aI2ozpSwoK9uTx0-g/view?usp=sharing,MISSING_FILE,404,false,,,,,,,,false,,,,MANUAL_REVIEW
72,5-خطوة إلزامية لازم ديرها,driveEmbedUrl,,,1Go9nWpv6kww3ruiuitw1scfFsDR7Gjee,https://drive.google.com/file/d/1Go9nWpv6kww3ruiuitw1scfFsDR7Gjee/view?usp=sharing,MISSING_FILE,404,false,,,,,,,,false,,,,MANUAL_REVIEW
73,6-Netflix 30 days ,driveEmbedUrl,,,1gCMuxbhHOzRspfQnqnfo7P-Gi-kIS_6R,https://drive.google.com/file/d/1gCMuxbhHOzRspfQnqnfo7P-Gi-kIS_6R/view?usp=sharing,MISSING_FILE,404,false,,,,,,,,false,,,,MANUAL_REVIEW
74,7-Final Orepation,driveEmbedUrl,,,1jzSDNe7a6U0PsiVoowREgaJMOkkcpzZd,https://drive.google.com/file/d/1jzSDNe7a6U0PsiVoowREgaJMOkkcpzZd/view?usp=sharing,MISSING_FILE,404,false,,,,,,,,false,,,,MANUAL_REVIEW
75,8-ملاحظة مهمة,driveEmbedUrl,,,1ihp4ltFLBpCNPKqdyOJou4YQdr6Kms_d,https://drive.google.com/file/d/1ihp4ltFLBpCNPKqdyOJou4YQdr6Kms_d/view?usp=sharing,MISSING_FILE,404,false,,,,,,,,false,,,,MANUAL_REVIEW
76,9-method 2 and final,driveEmbedUrl,,,18iqTRrENqABLcLwmEFIR247kRTGIpNuD,https://drive.google.com/file/d/18iqTRrENqABLcLwmEFIR247kRTGIpNuD/view?usp=sharing,MISSING_FILE,404,false,,,,,,,,false,,,,MANUAL_REVIEW
77,1-مقدمة,driveEmbedUrl,,,1d118TAZ01utXxeeMFo1armGysIMDdQBl,https://drive.google.com/file/d/1d118TAZ01utXxeeMFo1armGysIMDdQBl/view?usp=drive_link,MISSING_FILE,404,false,,,,,,,,false,,,,MANUAL_REVIEW
78,2-واش نحتاجو باش نخدمو أول حساب,driveEmbedUrl,,,1oC1Gtl4QcuCMOfO0RXawgqq-DKeLmoFs,https://drive.google.com/file/d/1oC1Gtl4QcuCMOfO0RXawgqq-DKeLmoFs/view?usp=drive_link,MISSING_FILE,404,false,,,,,,,,false,,,,MANUAL_REVIEW
79,3-طريقة التحميل الصحيحة,driveEmbedUrl,,,1pFoStDM5lFpUKboBe0LwL3BWYp0Qjj1P,https://drive.google.com/file/d/1pFoStDM5lFpUKboBe0LwL3BWYp0Qjj1P/view?usp=drive_link,MISSING_FILE,404,false,,,,,,,,false,,,,MANUAL_REVIEW
80,4-الحصول على العرض offer,driveEmbedUrl,,,1FXn8_xmCfb9YJiGjIFbdZek_vV3bS4qn,https://drive.google.com/file/d/1FXn8_xmCfb9YJiGjIFbdZek_vV3bS4qn/view?usp=drive_link,MISSING_FILE,404,false,,,,,,,,false,,,,MANUAL_REVIEW
81,5-تفعيل الحساب,driveEmbedUrl,,,1NhFNnPpTrcVHaOuWUiXbRCWieE8HS6qP,https://drive.google.com/file/d/1NhFNnPpTrcVHaOuWUiXbRCWieE8HS6qP/view?usp=drive_link,MISSING_FILE,404,false,,,,,,,,false,,,,MANUAL_REVIEW
82,6-ملاحظة مهمة لازم ديرها,driveEmbedUrl,,,1izrCI-SwEFtfxJEAz2_42lEppfXnoiIW,https://drive.google.com/file/d/1izrCI-SwEFtfxJEAz2_42lEppfXnoiIW/view?usp=drive_link,MISSING_FILE,404,false,,,,,,,,false,,,,MANUAL_REVIEW
83,7-الخطوة الأخيرة قبل بيع الحساب,driveEmbedUrl,,,1zU6-9rhxA9Hn0YCLc2JETIGL85fxyLff,https://drive.google.com/file/d/1zU6-9rhxA9Hn0YCLc2JETIGL85fxyLff/view?usp=drive_link,MISSING_FILE,404,false,,,,,,,,false,,,,MANUAL_REVIEW
84,1الجزء الأول,driveEmbedUrl,,,1p-IKEih9d6fyG19ydkcmEsfNd7S_-G62,https://drive.google.com/file/d/1p-IKEih9d6fyG19ydkcmEsfNd7S_-G62/view?usp=sharing,MISSING_FILE,404,false,,,,,,,,false,,,,MANUAL_REVIEW
94,2- الجزء الثاني,driveEmbedUrl,,,1SRbpF2oOnx6hfQG7HBfyDNz8XarKKXXS,https://drive.google.com/file/d/1SRbpF2oOnx6hfQG7HBfyDNz8XarKKXXS/view?usp=sharing,MISSING_FILE,404,false,,,,,,,,false,,,,MANUAL_REVIEW
95,3-الجزء الأخير,driveEmbedUrl,,,18eNp0DPadOTEkT2nQJqTSI_YmJKvx5Y2,https://drive.google.com/file/d/18eNp0DPadOTEkT2nQJqTSI_YmJKvx5Y2/view?usp=sharing,MISSING_FILE,404,false,,,,,,,,false,,,,MANUAL_REVIEW
96,4-ملاحظة مهمة,driveEmbedUrl,,,1exirIozBxftX_QZemRQQeMlQf9tX9IbD,https://drive.google.com/file/d/1exirIozBxftX_QZemRQQeMlQf9tX9IbD/view?usp=sharing,MISSING_FILE,404,false,,,,,,,,false,,,,MANUAL_REVIEW
97,1-creat account + bin generate,driveEmbedUrl,,,1Bt0SyjOlt3pXX5c9hpu4aYnYJVZ7YO3Q,https://drive.google.com/file/d/1Bt0SyjOlt3pXX5c9hpu4aYnYJVZ7YO3Q/view?usp=sharing,MISSING_FILE,404,false,,,,,,,,false,,,,MANUAL_REVIEW
98,2-Account Actived Done,driveEmbedUrl,,,1qE936g6MO9McaJ9lxzxifDuqh0cfeBtP,https://drive.google.com/file/d/1qE936g6MO9McaJ9lxzxifDuqh0cfeBtP/view?usp=sharing,MISSING_FILE,404,false,,,,,,,,false,,,,MANUAL_REVIEW
99,Full Method,driveEmbedUrl,,,14fLruHcB3mWJ0CbR75Q87lsE3jLdT01g,https://drive.google.com/file/d/14fLruHcB3mWJ0CbR75Q87lsE3jLdT01g/view?usp=sharing,MISSING_FILE,404,false,,,,,,,,false,,,,MANUAL_REVIEW
101,1 مبتدأ,driveEmbedUrl,,,1E-6I0L3famVkxO3BepfLTf6V5ltg3mQV,https://drive.google.com/file/d/1E-6I0L3famVkxO3BepfLTf6V5ltg3mQV/view?usp=drive_link,VALID_CURRENT_LINK,200,true,تغيير بطارية,video/mp4,,,,,,false,,,,KEEP_CURRENT
101,1 مبتدأ,driveParts,0,تغيير بطارية,1E-6I0L3famVkxO3BepfLTf6V5ltg3mQV,https://drive.google.com/file/d/1E-6I0L3famVkxO3BepfLTf6V5ltg3mQV/view?usp=drive_link,VALID_CURRENT_LINK,200,true,تغيير بطارية,video/mp4,,,,,,false,,,,KEEP_CURRENT
101,1 مبتدأ,driveParts,1,تغيير شاشة 2,1D674WIXGiSYUAgGp0MG7sLCDEjvJW_47,https://drive.google.com/file/d/1D674WIXGiSYUAgGp0MG7sLCDEjvJW_47/view?usp=drive_link,VALID_CURRENT_LINK,200,true,تغيير شاشة.MP4,video/mp4,,,,,,false,,,,KEEP_CURRENT
101,1 مبتدأ,driveParts,2,تغيير كونيكتور,1V-MVSSuciuxR7NMHUrjh3RxnHA5oacFv,https://drive.google.com/file/d/1V-MVSSuciuxR7NMHUrjh3RxnHA5oacFv/view?usp=drive_link,VALID_CURRENT_LINK,200,true,تغيير كونيكتور 3.mp4,video/mp4,,,,,,true,1nouRZQkcJs58UVOsLSK5a9hPlEFafp2J,https://drive.google.com/file/d/1nouRZQkcJs58UVOsLSK5a9hPlEFafp2J/view,100% — byte-identical (same MD5 and size),SAFE_CONTENT_MATCH_BUT_OLD_LINK_IS_STILL_VALID
101,1 مبتدأ,driveParts,3,تغيير مايك,1fLU7U4M_5XVJol3aFNetEISPnHxjVZhe,https://drive.google.com/file/d/1fLU7U4M_5XVJol3aFNetEISPnHxjVZhe/view?usp=drive_link,VALID_CURRENT_LINK,200,true,تغيير مايك,video/mp4,,,,,,false,,,,KEEP_CURRENT
101,1 مبتدأ,driveParts,4,تغيير مايك 2,1lnfVRgap5wzessrEbEKuGOU7lvrZplK_,https://drive.google.com/file/d/1lnfVRgap5wzessrEbEKuGOU7lvrZplK_/view?usp=drive_link,VALID_CURRENT_LINK,200,true,تغيير مايك ,video/mp4,,,,,,false,,,,KEEP_CURRENT
101,1 مبتدأ,driveParts,5,فتح أيفون 7,1h_vGI_ZbrxjY4M2Akj00u1UenAJictex,https://drive.google.com/file/d/1h_vGI_ZbrxjY4M2Akj00u1UenAJictex/view?usp=drive_link,VALID_CURRENT_LINK,200,true,فتح أيفون 7.mp4,video/mp4,,,,,,false,,,,KEEP_CURRENT
101,1 مبتدأ,driveParts,6,فتح أيفون 14 برو ماكس وتغيير بطارية,1LPQWLlw-0QU5MBx5GObwvurNNobs0OZP,https://drive.google.com/file/d/1LPQWLlw-0QU5MBx5GObwvurNNobs0OZP/view?usp=drive_link,VALID_CURRENT_LINK,200,true,فتح أيفون 14 برو ماكس وتغيير بطارية.mp4,video/mp4,,,,,,false,,,,KEEP_CURRENT
101,1 مبتدأ,driveParts,7,فتح وتغيير بطارية سامسونغ أ 10,1Rd3L_GmWgLzprAQ55E4Kq5TqabvCfj2o,https://drive.google.com/file/d/1Rd3L_GmWgLzprAQ55E4Kq5TqabvCfj2o/view?usp=drive_link,VALID_CURRENT_LINK,200,true,فتح وتغيير بطارية سامسونغ أ 10.mp4,video/mp4,,,,,,false,,,,KEEP_CURRENT
101,1 مبتدأ,driveParts,8,نزع غطاء خلفي للهاتف,1SjDAczLihuoeBH9ANIZw6PF_YATSXTQ-,https://drive.google.com/file/d/1SjDAczLihuoeBH9ANIZw6PF_YATSXTQ-/view?usp=drive_link,VALID_CURRENT_LINK,200,true,نزع غطاء خلفي للهاتف,video/mp4,,,,,,false,,,,KEEP_CURRENT
102,Full Method in this Video,driveEmbedUrl,,,1ZueweqAaPs1CEbSGLIXGTkO1ZJloiwhv,https://drive.google.com/file/d/1ZueweqAaPs1CEbSGLIXGTkO1ZJloiwhv/view?usp=drive_link,MISSING_FILE,404,false,,,,,,,,false,,,,MANUAL_REVIEW
103,Full Method 4 month Adobe Creative Cloud Pro,driveEmbedUrl,,,1DAVt7yxLruMwu39u_4QQqLDWyAXdjGfN,https://drive.google.com/file/d/1DAVt7yxLruMwu39u_4QQqLDWyAXdjGfN/view?usp=drive_link,MISSING_FILE,404,false,,,,,,,,false,,,,MANUAL_REVIEW
